CSE583,1,1,mb1688@nittany.edu,I also have the same question.
CMPSC431W,1,1,jz5577@nittany.edu,Do we have an exam?
CMPSC465,1,1,my3786@nittany.edu,I also have the same question.
CMPSC475,1,1,tb8127@nittany.edu,Do we have an exam?
CMPSC131,1,1,mo2344@nittany.edu,I also have the same question.
CMPSC221,1,1,gk3247@nittany.edu,Do we have an exam?
CMPSC311,1,1,ms6173@nittany.edu,I also have the same question.
CMPEN331,1,1,dw8054@nittany.edu,Do we have an exam?
CMPEN362,1,1,er2818@nittany.edu,I also have the same question.
CMPEN431,1,1,dc5453@nittany.edu,Do we have an exam?
CMPEN454,1,1,bk5477@nittany.edu,I also have the same question.
EE211,1,1,mr1020@nittany.edu,Do we have an exam?
EE311,1,1,rt4621@nittany.edu,I also have the same question.
EE330,1,1,bl3745@nittany.edu,Do we have an exam?
EE352,1,1,ej3628@nittany.edu,I also have the same question.
MATH140,1,1,md6611@nittany.edu,Do we have an exam?
MATH230,1,1,ak5890@nittany.edu,I also have the same question.
PHYS211,1,1,cd4187@nittany.edu,Do we have an exam?
PHYS213,1,1,eh3966@nittany.edu,I also have the same question.
STAT318,1,1,la7071@nittany.edu,Do we have an exam?
STAT414,1,1,ak1365@nittany.edu,I also have the same question.
ECON101,1,1,dw2632@nittany.edu,Do we have an exam?
ECON201,1,1,aw5441@nittany.edu,I also have the same question.
CHEM111,1,1,lm1111@nittany.edu,Do we have an exam?
IST110,1,1,ah4627@nittany.edu,I also have the same question.
IST128,1,1,er6539@nittany.edu,Do we have an exam?
DS120,1,1,,rh2046@nittany.edu
