CSE583,1,1,Turn in this homework online!
CSE543,1,1,Turn in this homework online!
CMPSC431W,1,1,Turn in this homework online!
CMPSC461,1,1,Turn in this homework online!
CMPSC465,1,1,Turn in this homework online!
CMPSC448,1,1,Turn in this homework online!
CMPSC475,1,1,Turn in this homework online!
CMPSC497,1,1,Turn in this homework online!
CMPSC131,1,1,Turn in this homework online!
CMPSC132,1,1,Turn in this homework online!
CMPSC221,1,1,Turn in this homework online!
CMPSC360,1,1,Turn in this homework online!
CMPSC311,1,1,Turn in this homework online!
CMPEN270,1,1,Turn in this homework online!
CMPEN331,1,1,Turn in this homework online!
CMPEN351,1,1,Turn in this homework online!
CMPEN362,1,1,Turn in this homework online!
CMPEN411,1,1,Turn in this homework online!
CMPEN431,1,1,Turn in this homework online!
CMPEN441,1,1,Turn in this homework online!
CMPEN454,1,1,Turn in this homework online!
EE210,1,1,Turn in this homework online!
EE211,1,1,Turn in this homework online!
EE212,1,1,Turn in this homework online!
EE311,1,1,Turn in this homework online!
EE320,1,1,Turn in this homework online!
EE330,1,1,Turn in this homework online!
EE340,1,1,Turn in this homework online!
EE352,1,1,Turn in this homework online!
EE353,1,1,Turn in this homework online!
MATH140,1,1,Turn in this homework online!
MATH141,1,1,Turn in this homework online!
MATH230,1,1,Turn in this homework online!
MATH231,1,1,Turn in this homework online!
PHYS211,1,1,Turn in this homework online!
PHYS212,1,1,Turn in this homework online!
PHYS213,1,1,Turn in this homework online!
PHYS214,1,1,Turn in this homework online!
STAT318,1,1,Turn in this homework online!
STAT319,1,1,Turn in this homework online!
STAT414,1,1,Turn in this homework online!
STAT415,1,1,Turn in this homework online!
ECON101,1,1,Turn in this homework online!
ECON102,1,1,Turn in this homework online!
ECON201,1,1,Turn in this homework online!
CHEM110,1,1,Turn in this homework online!
CHEM111,1,1,Turn in this homework online!
CHEM112,1,1,Turn in this homework online!
IST110,1,1,Turn in this homework online!
IST558,1,1,Turn in this homework online!
IST128,1,1,Turn in this homework online!
DS220,1,1,Turn in this homework online!
DS120,1,1,Turn in this homework online!
DS410,1,1,Turn in this homework online!
CSE583,2,1,Turn in this homework online!
CSE543,2,1,Turn in this homework online!
CMPSC431W,2,1,Turn in this homework online!
CMPSC461,2,1,Turn in this homework online!
CMPSC465,2,1,Turn in this homework online!
CMPSC448,2,1,Turn in this homework online!
CMPSC475,2,1,Turn in this homework online!
CMPSC497,2,1,Turn in this homework online!
CMPSC131,2,1,Turn in this homework online!
CMPSC132,2,1,Turn in this homework online!
CMPSC221,2,1,Turn in this homework online!
CMPSC360,2,1,Turn in this homework online!
CMPSC311,2,1,Turn in this homework online!
CMPEN270,2,1,Turn in this homework online!
CMPEN331,2,1,Turn in this homework online!
CMPEN351,2,1,Turn in this homework online!
CMPEN362,2,1,Turn in this homework online!
CMPEN411,2,1,Turn in this homework online!
CMPEN431,2,1,Turn in this homework online!
CMPEN441,2,1,Turn in this homework online!
CMPEN454,2,1,Turn in this homework online!
EE210,2,1,Turn in this homework online!
EE211,2,1,Turn in this homework online!
EE212,2,1,Turn in this homework online!
EE311,2,1,Turn in this homework online!
EE320,2,1,Turn in this homework online!
EE330,2,1,Turn in this homework online!
EE340,2,1,Turn in this homework online!
EE352,2,1,Turn in this homework online!
EE353,2,1,Turn in this homework online!
MATH140,2,1,Turn in this homework online!
MATH141,2,1,Turn in this homework online!
MATH230,2,1,Turn in this homework online!
MATH231,2,1,Turn in this homework online!
PHYS211,2,1,Turn in this homework online!
PHYS212,2,1,Turn in this homework online!
PHYS213,2,1,Turn in this homework online!
PHYS214,2,1,Turn in this homework online!
STAT318,2,1,Turn in this homework online!
STAT319,2,1,Turn in this homework online!
STAT414,2,1,Turn in this homework online!
STAT415,2,1,Turn in this homework online!
ECON101,2,1,Turn in this homework online!
ECON102,2,1,Turn in this homework online!
ECON201,2,1,Turn in this homework online!
CHEM110,2,1,Turn in this homework online!
CHEM111,2,1,Turn in this homework online!
CHEM112,2,1,Turn in this homework online!
IST110,2,1,Turn in this homework online!
IST558,2,1,Turn in this homework online!
IST128,2,1,Turn in this homework online!
DS220,2,1,Turn in this homework online!
DS120,2,1,Turn in this homework online!
DS410,2,1,Turn in this homework online!