al4613@nittany.edu,Alisa Lynch
am4447@nittany.edu,Alisha Murray
ak9804@nittany.edu,Alice Kiehn
as1233@nittany.edu,Anastasia Shields
al5684@nittany.edu,Alyce Leuschke Jr.
al6759@nittany.edu,Althea Leuschke
ah2567@nittany.edu,Alysa Hintz
ab8825@nittany.edu,Alisha Beier
ak1365@nittany.edu,Anastacio Krajcik
at2037@nittany.edu,Alfonso Torp
as3627@nittany.edu,Alexis Schulist
ah3078@nittany.edu,Alicia Harber
ab8389@nittany.edu,Amiya Bogisich II
at1813@nittany.edu,Alfredo Trantow
ao8250@nittany.edu,Alysson Okuneva
al8826@nittany.edu,Anabel Littel
ab4479@nittany.edu,Alycia Berge
al5806@nittany.edu,Ali Ledner
aj1457@nittany.edu,Angela Jast Jr.
ar7586@nittany.edu,Amely Rohan
am6718@nittany.edu,Amaya Mosciski
as4057@nittany.edu,Alexys Stanton
az6923@nittany.edu,Allene Zulauf
ab9912@nittany.edu,Alysa Bosco Sr.
ap8429@nittany.edu,Amie Pacocha
ag4728@nittany.edu,Amara Gaylord
am5109@nittany.edu,Americo Mitchell
ab3717@nittany.edu,Alivia Brown DDS
ah5707@nittany.edu,Alexane Hermann
ad9791@nittany.edu,Amaya Denesik
aw2983@nittany.edu,Andre Will
lj2993@nittany.edu,Lenna Jewess Sr.
rb1832@nittany.edu,Rosie Bruen
ld8122@nittany.edu,Lorenzo Dickens
md5914@nittany.edu,Marjorie Dickinson
kf8268@nittany.edu,Keon Fadel
pz6665@nittany.edu,Penelope Ziemann
mr6639@nittany.edu,Maximilian Ruecker
sc5452@nittany.edu,Samanta Collier
tp8468@nittany.edu,Tyree Pacocha
ih9335@nittany.edu,Ima Hilll
me9525@nittany.edu,Miss Ellsworth Goyette
pr4075@nittany.edu,Pasquale Ritchie
nk8056@nittany.edu,Nicolas Kunde
jz5577@nittany.edu,Jaunita Zemlak
jp2632@nittany.edu,Jaunita Paucek
lk7361@nittany.edu,Luisa Keebler
ks1880@nittany.edu,Karli Streich DDS
ms2404@nittany.edu,Miss Stanton Hyatt
ih5431@nittany.edu,Isobel Hudson
sm4115@nittany.edu,Shaun Marvin
js8078@nittany.edu,Justina Schuster
mb4117@nittany.edu,Manuela Blick
rm8585@nittany.edu,Reina McLaughlin Jr.
mg1976@nittany.edu,Miss Gennaro Torphy
kc4364@nittany.edu,Kaleb Carter MD
rh2046@nittany.edu,Reva Hirthe
jh2885@nittany.edu,Jennie Haag
ms9362@nittany.edu,Mikayla Senger
jl6447@nittany.edu,Janis Leffler
mr2329@nittany.edu,Maverick Rempel
ma5503@nittany.edu,Myrtice Armstrong
rb4971@nittany.edu,Roy Boehm
jc5818@nittany.edu,Jackie Considine
kg2618@nittany.edu,Kristofer Gusikowski
lg4120@nittany.edu,Letitia Graham
sg2123@nittany.edu,Skye Graham
tp3946@nittany.edu,Thora Predovic Sr.
sb5076@nittany.edu,Suzanne Botsford
mh2221@nittany.edu,Mr. Hallie Crooks
vs8351@nittany.edu,Vilma Sauer
mm1324@nittany.edu,Mrs. Marlee Ward
tg2289@nittany.edu,Theresa Glover
mk4648@nittany.edu,Meredith Kuhlman DVM
sa8884@nittany.edu,Santino Altenwerth
kn1468@nittany.edu,Kiley Nienow PhD
jk5833@nittany.edu,Joe Kirlin DDS
md1699@nittany.edu,Malvina DuBuque
mc4814@nittany.edu,Mrs. Chasity Schamberger
ll2646@nittany.edu,Lucius Lakin
mr3369@nittany.edu,Mariane Reilly
tb7100@nittany.edu,Tara Baumbach
wm3293@nittany.edu,Wilfred Moen
jb9557@nittany.edu,Jodie Brekke Sr.
ko8881@nittany.edu,Kristopher O'Connell
zj6533@nittany.edu,Zackary Johnson
mb4756@nittany.edu,Max Bashirian
mr3556@nittany.edu,Marietta Runolfsson
md3813@nittany.edu,Ms. Devante Frami
km6173@nittany.edu,Kali Mills
sg3060@nittany.edu,Shaun Glover
ms7605@nittany.edu,Mariana Stokes
tm4946@nittany.edu,Tommie Mosciski
jg1721@nittany.edu,Jailyn Green
yc2897@nittany.edu,Yessenia Crona
ss9714@nittany.edu,Serena Stiedemann
rb9779@nittany.edu,Ressie Boyer
zr6768@nittany.edu,Zackery Reynolds
rc6428@nittany.edu,Robb Christiansen
jt5287@nittany.edu,Joaquin Turner
lo7605@nittany.edu,Lucy Oberbrunner
tr4637@nittany.edu,Trudie Runte
lr3728@nittany.edu,Lambert Russel
xg4863@nittany.edu,Xavier Greenfelder V
me5010@nittany.edu,Mr. Elta Hammes
lr5472@nittany.edu,Lucas Reinger
sh4974@nittany.edu,Shyanne Heller
la9924@nittany.edu,Lorena Anderson
ms2737@nittany.edu,Marlene Schulist
tb8127@nittany.edu,Tobin Balistreri
mm2976@nittany.edu,Maudie Murphy
th3170@nittany.edu,Toy Hayes
kk3742@nittany.edu,Khalil Kovacek
nd2615@nittany.edu,Noble Dooley
sb6428@nittany.edu,Sammy Braun
rr9237@nittany.edu,Rubie Runolfsson
mm1660@nittany.edu,Mr. Mable Prosacco
mr1462@nittany.edu,Mrs. Reba Heller
lg1828@nittany.edu,Louisa Gislason
jo7172@nittany.edu,Jalen Orn
ma5045@nittany.edu,Miss Ardith Jerde
mc4696@nittany.edu,Marianna Cummings
rs3973@nittany.edu,Ryan Schuster
my7428@nittany.edu,Mr. Yvette Gislason
mv4275@nittany.edu,Mohammed Von
vw5806@nittany.edu,Vivien Will
nr4230@nittany.edu,Nadia Renner
ma3543@nittany.edu,Mrs. Albertha Kautzer
mc9149@nittany.edu,Mossie Considine
lg2530@nittany.edu,Lavina Goodwin
sh4671@nittany.edu,Stefanie Haley
mt7030@nittany.edu,Markus Turcotte DDS
lt3713@nittany.edu,Loyce Torphy
jw3861@nittany.edu,Jeremie Watsica
kr4923@nittany.edu,Kenyon Rohan
nf6339@nittany.edu,Napoleon Fay
md6319@nittany.edu,Melvin D'Amore
mb1688@nittany.edu,Miss Brain Altenwerth
mk5190@nittany.edu,Marcel Kihn
mk3204@nittany.edu,Ms. Katlynn Mills
oc3904@nittany.edu,Olin Connelly
km6627@nittany.edu,Kevin Mante
js6308@nittany.edu,Jerrold Schiller
jw4897@nittany.edu,Juanita Wilderman
vl7715@nittany.edu,Vernice Langworth
ph3861@nittany.edu,Pink Haag
md2194@nittany.edu,Miss Daren Kessler
jh3919@nittany.edu,Junior Heathcote
mw5114@nittany.edu,Mohammed White
ld6778@nittany.edu,Lionel Daniel
mc1411@nittany.edu,Mr. Catharine Johns
lg7099@nittany.edu,Lucile Gislason
mm9659@nittany.edu,Ms. Malinda Greenfelder
rc5324@nittany.edu,Reyes Cormier
mz7312@nittany.edu,Miss Zechariah Kulas
ml5786@nittany.edu,Mrs. Leonard Bosco
nh2508@nittany.edu,Nina Hilll
ms2255@nittany.edu,Maritza Schaefer
mp4954@nittany.edu,Marlin Pfannerstill
lj7790@nittany.edu,Lulu Jakubowski
sr7729@nittany.edu,Skye Robel Jr.
mt8800@nittany.edu,Mr. Tiana Glover
ld6540@nittany.edu,Leonor Davis
sv5358@nittany.edu,Sterling Volkman Sr.
kf8921@nittany.edu,Kylie Fay
rh4718@nittany.edu,Robb Hegmann
vt8578@nittany.edu,Victoria Toy II
lu6872@nittany.edu,Lysanne Ullrich
lb6520@nittany.edu,Loma Becker PhD
kb6941@nittany.edu,Karson Bashirian MD
rv5469@nittany.edu,Rose Veum
ml7975@nittany.edu,Miss Lora Will
mj4880@nittany.edu,Mrs. Joanny Legros
jf9661@nittany.edu,Josefina Frami
lt8366@nittany.edu,Luisa Turcotte
js7099@nittany.edu,Jace Swift
rf2661@nittany.edu,Rae Feil
js8165@nittany.edu,Joanny Stracke
kk3115@nittany.edu,Kailyn Kassulke V
mr4635@nittany.edu,Ms. Raoul Lang
ve8889@nittany.edu,Vella Ernser
ml3983@nittany.edu,Ms. Lori Luettgen
ld8065@nittany.edu,Lucienne Dicki MD
jk4403@nittany.edu,Jared Kunde
in2805@nittany.edu,Isabel Nader
pb8346@nittany.edu,Patsy Beer
rf1782@nittany.edu,Rosendo Friesen
mn6721@nittany.edu,Miss Nikki Kassulke
sm6043@nittany.edu,Savannah Maggio
lj2224@nittany.edu,Lucinda Jakubowski
wr3515@nittany.edu,Wilfred Runolfsson
wl5243@nittany.edu,Wilma Legros
jr8665@nittany.edu,Julie Rice
ns1210@nittany.edu,Nettie Schowalter
ms6173@nittany.edu,Mr. Shanny Haag
na8379@nittany.edu,Newton Ankunding
ls6337@nittany.edu,Loyal Schamberger
sm9645@nittany.edu,Simone Mayert
rr8243@nittany.edu,Roger Roob
lw4369@nittany.edu,Logan Wolf
il3541@nittany.edu,Isaiah Lakin
mg8505@nittany.edu,Miss Giovani Fisher
mo1186@nittany.edu,Muriel Orn Jr.
pw1726@nittany.edu,Pinkie Wilkinson
lm6031@nittany.edu,Lenny Mante
mj6359@nittany.edu,Mr. Jaylin Kautzer
pc8832@nittany.edu,Pearlie Connelly
mf8214@nittany.edu,Michaela Frami
jb5052@nittany.edu,Johnny Breitenberg I
ma8938@nittany.edu,Ms. Adah Bode
lf4727@nittany.edu,Lysanne Frami
jh1874@nittany.edu,Jonathon Huel
rb6281@nittany.edu,Reva Bayer
mr5864@nittany.edu,Ms. Raina Schmidt
ml6213@nittany.edu,Marco Larson
mk7773@nittany.edu,Mr. Kelton Kertzmann
nc8172@nittany.edu,Nicolas Cummerata
mj5914@nittany.edu,Mrs. Joannie Dibbert
me2148@nittany.edu,Mallie Eichmann
mk8847@nittany.edu,Mr. Keyshawn Cassin
my3786@nittany.edu,Miss Yolanda Pfannerstill
jm3669@nittany.edu,Jensen McDermott
uf7067@nittany.edu,Ursula Fadel
mr2575@nittany.edu,Madeline Renner
mb3709@nittany.edu,Mac Bailey
jk4409@nittany.edu,Jakob Kuvalis
ys9174@nittany.edu,Yadira Schinner
rf1538@nittany.edu,Roxanne Fritsch
no6118@nittany.edu,Nicolas O'Reilly
lc4994@nittany.edu,Lisette Connelly
oh8195@nittany.edu,Orrin Herman IV
jc2471@nittany.edu,Jewel Cole
mm3162@nittany.edu,Mariam Mills
jh7997@nittany.edu,Jasen Hand
ik6824@nittany.edu,Irwin Kreiger
tk5748@nittany.edu,Thurman Kessler
ts1830@nittany.edu,Tobin Schinner PhD
kr6619@nittany.edu,Karen Ritchie
rk2653@nittany.edu,Robert Krajcik
sg4622@nittany.edu,Sophia Graham
jl3236@nittany.edu,Judson Lubowitz
kh1826@nittany.edu,Kelly Harber
me2596@nittany.edu,Mr. Elliott Gibson
jl9851@nittany.edu,Johnnie Little
sw7724@nittany.edu,Stephany Weissnat
kh5883@nittany.edu,Kiley Howe
mn2842@nittany.edu,Mariana Nicolas Jr.
mt7911@nittany.edu,Mr. Therese Sauer
pf6936@nittany.edu,Pedro Fadel
mc8336@nittany.edu,Mafalda Cremin
mv1311@nittany.edu,Mrs. Vesta Aufderhar
kk2666@nittany.edu,Kari Kunze
ok7520@nittany.edu,Otis Kirlin
mt3151@nittany.edu,Miss Tianna Beatty
lb8326@nittany.edu,Laurel Bogan
lh1031@nittany.edu,Lane Hilpert
mn1239@nittany.edu,Mertie Nicolas
ka1472@nittany.edu,Karley Abbott Sr.
tt1799@nittany.edu,Tremaine Turcotte III
mr5565@nittany.edu,Maci Runolfsson
ma6036@nittany.edu,Miss Aurore Jacobi
mr9406@nittany.edu,Ms. Reuben Donnelly
os4077@nittany.edu,Oren Simonis MD
mi6642@nittany.edu,Miss Isabell Corwin
mj1523@nittany.edu,Misty Jenkins
pw7815@nittany.edu,Priscilla White
jo5683@nittany.edu,Jules Oberbrunner
kl1348@nittany.edu,King Lebsack
ns2358@nittany.edu,Naomie Sporer
vr4622@nittany.edu,Vladimir Reichert
mk1572@nittany.edu,Milford Koepp
ts5040@nittany.edu,Trent Schamberger
mj1117@nittany.edu,Meredith Jenkins
kp5214@nittany.edu,Kaci Parker
me4221@nittany.edu,Macey Emmerich
lh8743@nittany.edu,Lambert Hermiston
ka6770@nittany.edu,Kale Ankunding
wa5135@nittany.edu,Wiley Anderson
la7071@nittany.edu,Liam Adams
kl9753@nittany.edu,Kaci Lynch
jh3336@nittany.edu,Jett Hamill
sb1972@nittany.edu,Simone Brekke
kb3574@nittany.edu,Keshaun Bailey DDS
lv3076@nittany.edu,Lavon VonRueden
mt4811@nittany.edu,Max Trantow
zp7831@nittany.edu,Zetta Predovic
mr1020@nittany.edu,Meredith Runolfsdottir
ws6593@nittany.edu,Westley Smith
lw8769@nittany.edu,Laura Windler
ms6765@nittany.edu,Mrs. Shaylee Grady
mj9606@nittany.edu,Modesto Jast
jc4011@nittany.edu,Jayson Conroy
mj5224@nittany.edu,Maia Jaskolski
jz6925@nittany.edu,Jeramie Zieme
vo6259@nittany.edu,Vergie Olson I
ks3998@nittany.edu,Katarina Stroman
mt3231@nittany.edu,Mr. Tyra Kertzmann
ws8716@nittany.edu,Wilhelm Schroeder
md7627@nittany.edu,Mrs. Darren Stokes
th2610@nittany.edu,Tiffany Hintz
mh8661@nittany.edu,Meggie Heaney
vk8864@nittany.edu,Valentin Koch
mh3437@nittany.edu,Magnolia Hauck
ww9231@nittany.edu,Willy Witting
mk1676@nittany.edu,Mertie Kessler
ub9586@nittany.edu,Ubaldo Brakus
lh6961@nittany.edu,Lorenza Herzog
kf5693@nittany.edu,Kassandra Feeney
sb2082@nittany.edu,Sarina Brakus
mn2870@nittany.edu,Ms. Novella Leannon
ug5112@nittany.edu,Ulices Greenholt
tk1529@nittany.edu,Trisha Kutch
ib2806@nittany.edu,Isadore Bednar
os7226@nittany.edu,Oda Satterfield III
ne9599@nittany.edu,Niko Effertz
vg5084@nittany.edu,Vivian Grady
mr5670@nittany.edu,Mr. Rashad Haley
km6416@nittany.edu,Kyler Marvin
sj7472@nittany.edu,Sarai Jakubowski
wr1679@nittany.edu,Wilfrid Rath
mr8602@nittany.edu,Mr. Rosario Breitenberg
ma8046@nittany.edu,Miss Alayna Simonis
mg1007@nittany.edu,Melissa Green
lh3004@nittany.edu,Lauryn Hayes
zr6066@nittany.edu,Zachariah Ritchie
jg5906@nittany.edu,Jayde Gutkowski
ok5696@nittany.edu,Oral Kozey
mw5391@nittany.edu,Michael Weber
sm5970@nittany.edu,Skyla Maggio
mn6897@nittany.edu,Ms. Nickolas Stoltenberg
rm8553@nittany.edu,Rosanna Mayer
jl5459@nittany.edu,Jaiden Little
ml1743@nittany.edu,Ms. Lindsay Trantow
ph1773@nittany.edu,Pierce Hettinger
ma8953@nittany.edu,Mr. Alexandria Graham
pp2997@nittany.edu,Pearlie Purdy
vk7408@nittany.edu,Vada Kerluke
ro9937@nittany.edu,Raymond Oberbrunner Sr.
tf2405@nittany.edu,Tess Farrell
pm3642@nittany.edu,Providenci Mitchell
kr9949@nittany.edu,Kaci Runolfsdottir
mt2086@nittany.edu,Mr. Tyshawn Rice
tw6502@nittany.edu,Tremaine Williamson DDS
ol7450@nittany.edu,Ova Legros
jw6319@nittany.edu,Jasen Walker IV
ok8829@nittany.edu,Orie Kunde
ps1087@nittany.edu,Pablo Shields
mp7952@nittany.edu,Mrs. Paolo Runolfsdottir
sm5549@nittany.edu,Stuart Murray
td2477@nittany.edu,Timothy Dibbert V
sm8842@nittany.edu,Shania Mayer II
jp5962@nittany.edu,Jolie Pagac
mg1791@nittany.edu,Miss Garfield Considine
sg1979@nittany.edu,Stephania Gusikowski
lo3428@nittany.edu,Lauretta Ortiz
ml7753@nittany.edu,Ms. Luisa Hackett
js3927@nittany.edu,Jarrett Strosin
me9897@nittany.edu,Miss Erika Champlin
mb5390@nittany.edu,Ms. Broderick Rosenbaum
sg4417@nittany.edu,Sage Gottlieb
lt7103@nittany.edu,Laverne Toy
pt3035@nittany.edu,Piper Turner
wc1418@nittany.edu,Wilhelm Cremin DDS
mm2047@nittany.edu,Miss Marcella Corkery
ma4242@nittany.edu,Mr. Amely Brown
jn3590@nittany.edu,Jensen Nitzsche
mh4972@nittany.edu,Miss Harmony Smitham
jh3004@nittany.edu,Jordan Hilpert
sp7638@nittany.edu,Shea Pacocha
vn4576@nittany.edu,Vivienne Nolan
mj2446@nittany.edu,Mr. Jamie Rolfson
mh9005@nittany.edu,Mollie Hegmann
mp5777@nittany.edu,Mariano Price
mj1886@nittany.edu,Mrs. Jamarcus Hintz
mp5980@nittany.edu,Mrs. Pedro Hyatt
mr7087@nittany.edu,Mr. Rebeca Zieme
kk1267@nittany.edu,Kamren Keebler
jm7206@nittany.edu,Jaden Mayer
mm8916@nittany.edu,Mrs. Murphy Torp
jr1301@nittany.edu,Jamie Reilly
rq8420@nittany.edu,Russell Quitzon
tf8025@nittany.edu,Tyrell Fay
ob6043@nittany.edu,Osvaldo Bogan
jd3188@nittany.edu,Jerrold Dicki
nb5135@nittany.edu,Napoleon Boyer
js4888@nittany.edu,Jolie Smitham
mt1283@nittany.edu,Mrs. Trevor Brown
tb4699@nittany.edu,Tara Berge IV
jf5072@nittany.edu,Jaylen Feil
mj8109@nittany.edu,Mrs. Jaleel Runolfsson
sl8096@nittany.edu,Stefanie Legros
wg1476@nittany.edu,Will Gusikowski
lb1184@nittany.edu,Lauren Bahringer PhD
kw1043@nittany.edu,Kari Weber
ld4137@nittany.edu,Leola DuBuque Sr.
nb2686@nittany.edu,Neva Berge
rk8121@nittany.edu,Rupert Kemmer
vp6083@nittany.edu,Vicenta Prosacco
mb7672@nittany.edu,Mr. Braulio Schultz
rh9618@nittany.edu,Rubie Harvey
lw7685@nittany.edu,Levi Willms
me6698@nittany.edu,Mckayla Eichmann
mp7693@nittany.edu,Marjory Pfeffer
us6442@nittany.edu,Una Stark PhD
ma9983@nittany.edu,Miss Adolfo Lesch
mk7105@nittany.edu,Marisol Konopelski
ma3822@nittany.edu,Ms. Adrianna Hahn
vy1999@nittany.edu,Verner Yundt
lw8160@nittany.edu,Lionel West
nm4783@nittany.edu,Noah Moore
nb4212@nittany.edu,Nestor Baumbach PhD
ms9882@nittany.edu,Marisa Schaden
mk2377@nittany.edu,Miracle Kerluke
rw1366@nittany.edu,Roxane Watsica
mr5319@nittany.edu,Marianna Runolfsdottir
kz9097@nittany.edu,Kaylah Zieme
ml7288@nittany.edu,Marques Langworth
jd5932@nittany.edu,Jayson Doyle
lk1182@nittany.edu,Lexie Kuphal
jk1331@nittany.edu,Jedediah Koch
jw9436@nittany.edu,Josue Weber
zw5425@nittany.edu,Zane Wunsch III
jk5021@nittany.edu,Juana Kris MD
mn1003@nittany.edu,Mr. Nicole Raynor
ph8799@nittany.edu,Patience Hackett
jl8774@nittany.edu,Jessy Leannon
mj7408@nittany.edu,Mattie Jerde
ns6501@nittany.edu,Nils Simonis
lr5589@nittany.edu,Lola Rau
me5409@nittany.edu,Miss Esperanza Macejkovic
mc9096@nittany.edu,Mrs. Ciara Watsica
jk4116@nittany.edu,Jeramy Kessler
kb9285@nittany.edu,Kim Brown
kq6968@nittany.edu,Kiley Quitzon
mj6957@nittany.edu,Miss Jaeden Wehner
tp4444@nittany.edu,Trenton Price
me6706@nittany.edu,Mrs. Elvie Langosh
kb8171@nittany.edu,Kyler Becker
sr6321@nittany.edu,Selmer Romaguera V
jh1737@nittany.edu,Jedediah Hahn
sp1616@nittany.edu,Sedrick Prosacco
pm4249@nittany.edu,Phoebe Murazik I
tl1139@nittany.edu,Turner Leffler
im1645@nittany.edu,Izabella Murphy
sd6073@nittany.edu,Spencer Doyle
po7371@nittany.edu,Penelope Okuneva
wo4044@nittany.edu,Wilburn O'Reilly Jr.
mc4662@nittany.edu,Mr. Citlalli Kirlin
mm9624@nittany.edu,Mossie Marks
nb6183@nittany.edu,Ned Bechtelar
mm4674@nittany.edu,Miss Mireya Dach
vh5298@nittany.edu,Virginia Hoppe
mi2648@nittany.edu,Miss Idell McLaughlin
js3229@nittany.edu,Janet Streich
mt2801@nittany.edu,Martina Trantow
oh9599@nittany.edu,Octavia Hane
jb9306@nittany.edu,Jeremy Boyer
jc1462@nittany.edu,Juana Cronin
ks1926@nittany.edu,Kane Satterfield
sb5646@nittany.edu,Stephon Bernier
mr3116@nittany.edu,Mr. Rudolph Littel
sn9491@nittany.edu,Sonya Nitzsche
mg7684@nittany.edu,Mr. Gudrun Dickinson
or2228@nittany.edu,Orland Rau
md6611@nittany.edu,Mrs. Deanna Wuckert
jk4027@nittany.edu,Jarred Kutch
kd4323@nittany.edu,Karine Davis
mo4621@nittany.edu,Miss Ottilie Dooley
mg4093@nittany.edu,Miss Guy Nader
nm3617@nittany.edu,Nikolas Moen
sr9640@nittany.edu,Sydnie Reichert
mw6081@nittany.edu,Merlin Ward
lt8326@nittany.edu,Leatha Torp
mb8575@nittany.edu,Miss Bailee Bogan
sc6597@nittany.edu,Stuart Cruickshank
ma8535@nittany.edu,Ms. Alice Grady
mb5410@nittany.edu,Madison Beer
tb1810@nittany.edu,Tremayne Bode
jg7835@nittany.edu,Jocelyn Gibson
yc8409@nittany.edu,Yesenia Cruickshank
nl1189@nittany.edu,Nedra Langworth DDS
mg8396@nittany.edu,Miles Gottlieb
ta4214@nittany.edu,Tobin Armstrong
jc9373@nittany.edu,Jerome Carroll
mr3131@nittany.edu,Miss Roger Hermann
mj9296@nittany.edu,Mrs. Jarod Hauck
lm8503@nittany.edu,Lupe McClure V
mt6337@nittany.edu,Ms. Tess Volkman
mo2344@nittany.edu,Marcelle Orn
ml8317@nittany.edu,Madeline Lowe
mg7641@nittany.edu,Miss Grayson Pagac
ll6444@nittany.edu,Luisa Lynch II
md1308@nittany.edu,Ms. Donavon Ferry
jd5592@nittany.edu,Jalen Dietrich DDS
sk9053@nittany.edu,Stella Kohler
mt1262@nittany.edu,Mrs. Trisha Flatley
mm6682@nittany.edu,Mireya McKenzie
nw3340@nittany.edu,Nestor Willms
td2308@nittany.edu,Trevor Douglas
jw3297@nittany.edu,Jaydon Wolff III
sp1402@nittany.edu,Stuart Paucek
ml5796@nittany.edu,Maeve Lindgren
kc1302@nittany.edu,Keshaun Cremin
ld9084@nittany.edu,Lorenz D'Amore
oc9232@nittany.edu,Ottis Carter
ma9716@nittany.edu,Mr. Abdullah Nienow
jh2181@nittany.edu,Joel Hessel
md7018@nittany.edu,Mrs. Deangelo Larson
rm1496@nittany.edu,Rey Mayer
og7528@nittany.edu,Osvaldo Goldner
ma8013@nittany.edu,Miss Archibald Parisian
kk5103@nittany.edu,Kirk Kshlerin
jj6204@nittany.edu,Jude Jakubowski
lh7203@nittany.edu,Letitia Haley
lr4974@nittany.edu,Lyla Rowe
rr1861@nittany.edu,Reba Rogahn Jr.
xb9185@nittany.edu,Xzavier Bednar
mb2685@nittany.edu,Madalyn Beahan
ms6799@nittany.edu,Marquise Sporer
lm1111@nittany.edu,Lily Mayer
ja2479@nittany.edu,Johnpaul Adams III
zo2385@nittany.edu,Zita Okuneva
lr8600@nittany.edu,Leone Rath
kt2960@nittany.edu,Kenna Toy
lh7173@nittany.edu,Lesly Hamill
mj8696@nittany.edu,Mona Jast
mo9119@nittany.edu,Malachi O'Kon Sr.
mr4981@nittany.edu,Maryjane Ratke DVM
rr3451@nittany.edu,Rosanna Raynor II
se2637@nittany.edu,Sydnie Eichmann
jm7044@nittany.edu,Johan Marquardt
zg1956@nittany.edu,Zora Gottlieb
mt7486@nittany.edu,Mr. Terence Barrows
kh5965@nittany.edu,Karina Heaney V
rt4621@nittany.edu,Rafaela Towne
jr8895@nittany.edu,Jonathon Renner
mc3632@nittany.edu,Marquis Corkery
oc9673@nittany.edu,Ozella Cremin
pp1292@nittany.edu,Pattie Pouros
sr8161@nittany.edu,Sylvester Rogahn
mb3501@nittany.edu,Madeline Beatty
mt2330@nittany.edu,Mr. Talia Reilly
ss2791@nittany.edu,Sean Schmidt
lt1060@nittany.edu,Leopold Torp
mm9332@nittany.edu,Madaline Monahan DVM
mk2051@nittany.edu,Mittie Kuvalis
jk9270@nittany.edu,Jamarcus Kutch
lc9556@nittany.edu,Lacey Cremin
js1332@nittany.edu,Jalen Stanton
ss5447@nittany.edu,Shaun Schamberger
ma2722@nittany.edu,Mrs. Adrain Howe
sw9710@nittany.edu,Shania Walker V
sm6158@nittany.edu,Shane Mayer
ml5064@nittany.edu,Mr. Lurline Green
kh1154@nittany.edu,Kendra Hessel
kt5956@nittany.edu,Keshaun Terry
kr9918@nittany.edu,Katelin Rippin DDS
ko8925@nittany.edu,Kaia Orn
mf6881@nittany.edu,Marietta Fisher
mk4451@nittany.edu,Mrs. Krystal Buckridge
sm5255@nittany.edu,Shanna Murray
rb2832@nittany.edu,Rodrigo Bins
jr3224@nittany.edu,Jakayla Rogahn
kt2050@nittany.edu,Khalil Tremblay
wd2661@nittany.edu,Woodrow Daugherty
rf1975@nittany.edu,Rosa Fahey
mn9410@nittany.edu,Miss Neoma Pfannerstill
sr4229@nittany.edu,Stella Reichel
tm5315@nittany.edu,Titus McClure
ls2077@nittany.edu,Leo Schneider
rr4724@nittany.edu,Rodrick Ratke
qj6035@nittany.edu,Quinton Johnston
jp6334@nittany.edu,Justus Prosacco
ms6805@nittany.edu,Madeline Smith
sm4829@nittany.edu,Sallie McDermott
mp8264@nittany.edu,Mireya Pouros
md9837@nittany.edu,Mrs. Daryl Beier
mc9587@nittany.edu,Marisol Crona
wa5127@nittany.edu,Wava Anderson IV
mp8748@nittany.edu,Miss Paul Hills
vl5929@nittany.edu,Velma Lebsack
md8760@nittany.edu,Mrs. Deja Mosciski
rh1754@nittany.edu,Rosie Huel
mc2699@nittany.edu,Marcelina Collins
jh9891@nittany.edu,Joel Hammes
iv6531@nittany.edu,Ismael Von
ir2135@nittany.edu,Ivory Reichert
mr1874@nittany.edu,Mae Rolfson
rr7213@nittany.edu,Rowland Roob V
rh6801@nittany.edu,Rigoberto Huel
mj1770@nittany.edu,Mr. Jasen Stracke
mm6107@nittany.edu,Ms. Maci Schamberger
ma4550@nittany.edu,Mrs. Amparo Bahringer
jm2995@nittany.edu,Jarret Mante
mz7054@nittany.edu,Monica Zieme
km3504@nittany.edu,Kevon McDermott
om9683@nittany.edu,Ophelia Murphy
jm6846@nittany.edu,Jeanne Marquardt
jk4828@nittany.edu,Jarrett Kessler
rl4225@nittany.edu,Rafaela Legros
mg8599@nittany.edu,Madelynn Grimes
lb9630@nittany.edu,Leonel Beahan V
pp1200@nittany.edu,Price Parker
sw4720@nittany.edu,Stephen Ward
lm1801@nittany.edu,Leon Morissette
mh9954@nittany.edu,Mackenzie Halvorson
kw1386@nittany.edu,Kara Wiegand I
pa6499@nittany.edu,Pascale Abbott
sw3767@nittany.edu,Scot Will Jr.
rl7115@nittany.edu,Rashad Larson
sb4094@nittany.edu,Savanna Brakus
lm3612@nittany.edu,Lolita Moore
mm7898@nittany.edu,Maritza McKenzie
sd7475@nittany.edu,Sammy Douglas V
mz3667@nittany.edu,Marta Zieme DDS
mo1767@nittany.edu,Mrs. Oma Veum
ms1481@nittany.edu,Marco Schaefer
wr2752@nittany.edu,Wilson Runte
ou9392@nittany.edu,Odessa Upton
ml9111@nittany.edu,Melyna Lindgren
lh5555@nittany.edu,Leon Hettinger
rs3074@nittany.edu,Retha Schamberger
mb2986@nittany.edu,Mr. Brionna Padberg
mh2194@nittany.edu,Myrtie Hilpert
sg9224@nittany.edu,Shayna Greenfelder V
sl9147@nittany.edu,Susanna Lueilwitz
tz1637@nittany.edu,Tanya Zulauf
bk5477@nittany.edu,Beau Krajcik
af2362@nittany.edu,Aurelia Ferry
at5855@nittany.edu,Asa Tromp
bb2708@nittany.edu,Bailee Bernhard
ab1769@nittany.edu,Axel Blanda
as5959@nittany.edu,Arturo Schoen
as3517@nittany.edu,Annabell Schuppe I
am9248@nittany.edu,Ashly McGlynn
ab2069@nittany.edu,Augustine Bednar
ab3353@nittany.edu,Ardith Buckridge
ag4144@nittany.edu,Antonette Gleason
ae4536@nittany.edu,Annette Erdman III
as6603@nittany.edu,Austen Schultz
as6904@nittany.edu,Antone Spinka
ah4627@nittany.edu,Angie Howell DVM
ac6117@nittany.edu,Anita Cremin
bs3099@nittany.edu,Baby Stokes
ar5750@nittany.edu,Antonio Rice
bk4164@nittany.edu,Bailee Keebler
ah1893@nittany.edu,Annette Heathcote
as4372@nittany.edu,Arturo Stiedemann
ah8649@nittany.edu,Arianna Hayes
bl7521@nittany.edu,Barbara Lynch
bp1701@nittany.edu,Baron Pacocha
ah2132@nittany.edu,Ardith Hettinger
aw9070@nittany.edu,Assunta Walsh
ap7012@nittany.edu,Arnulfo Paucek
aw1897@nittany.edu,Anika Walsh
ab3016@nittany.edu,Antonina Brekke
as7706@nittany.edu,Ari Simonis
aw2413@nittany.edu,Ayana Wilkinson
ab4636@nittany.edu,Annabelle Block
ay6012@nittany.edu,Arianna Yost
am1296@nittany.edu,Angelo Macejkovic
co9856@nittany.edu,Cicero O'Kon
bg1874@nittany.edu,Bettie Gibson II
cz9116@nittany.edu,Carter Zboncak
ch1256@nittany.edu,Claire Haley
am2658@nittany.edu,Ahmed Marks
cg4965@nittany.edu,Cody Gislason
ch2187@nittany.edu,Cyrus Haag
cd3328@nittany.edu,Charlotte Donnelly
bb2169@nittany.edu,Bethany Bernhard
aj2734@nittany.edu,Abigale Jewess
cs3661@nittany.edu,Cade Spinka Jr.
al7553@nittany.edu,Alden Lind
dg3029@nittany.edu,Danny Goldner
aw5441@nittany.edu,Aida Wilderman
br5296@nittany.edu,Bessie Reinger
cb8478@nittany.edu,Cleveland Bins
dh5107@nittany.edu,Damien Hudson
bp7844@nittany.edu,Brice Pacocha
cg4094@nittany.edu,Cody Gutkowski
co3033@nittany.edu,Cameron Osinski
dk6748@nittany.edu,Dandre Kassulke
ag2003@nittany.edu,Alexandrea Goodwin
bh9149@nittany.edu,Brody Hackett
as3353@nittany.edu,Alanis Stracke
bk6824@nittany.edu,Bernadine Koelpin
ds4127@nittany.edu,Damon Shields
ac5862@nittany.edu,Alexane Cremin PhD
ck2097@nittany.edu,Cleo Kub
cf2840@nittany.edu,Carleton Flatley
br8852@nittany.edu,Berta Reichert
cr7454@nittany.edu,Calista Reichel
ch9754@nittany.edu,Carolyne Herman
dh6358@nittany.edu,Dameon Herman
bj2880@nittany.edu,Blaze Jaskolski
ch3297@nittany.edu,Celestino Hilll
ak5096@nittany.edu,Abbey Kunde
ag1594@nittany.edu,Abigayle Goldner
bb3021@nittany.edu,Brandi Bergstrom
aw8623@nittany.edu,Abe Wintheiser
cr5283@nittany.edu,Caesar Rath II
cn5833@nittany.edu,Chloe Nienow
bm9506@nittany.edu,Beverly Muller
cr7460@nittany.edu,Casimer Runolfsdottir IV
ab8172@nittany.edu,Adell Bradtke
cr8911@nittany.edu,Crawford Romaguera
as9069@nittany.edu,Aimee Schowalter
bb4483@nittany.edu,Brannon Bins
cw7585@nittany.edu,Cade Wilderman
am3245@nittany.edu,Alden Murazik
cb2134@nittany.edu,Chad Breitenberg
ah8299@nittany.edu,Adelia Huels
bh1407@nittany.edu,Brian Huel
ck4064@nittany.edu,Crystal Keebler
cr7030@nittany.edu,Cali Reichert
aa2256@nittany.edu,Abel Anderson Sr.
cr7834@nittany.edu,Cassie Reynolds
ct2924@nittany.edu,Clovis Tillman
bw8893@nittany.edu,Branson Wiegand Jr.
cg7136@nittany.edu,Carolyn Greenfelder
cc2445@nittany.edu,Cierra Christiansen
cc1235@nittany.edu,Carley Collins
ca6499@nittany.edu,Chanelle Armstrong
cq4861@nittany.edu,Coby Quitzon
cn5368@nittany.edu,Candice Nikolaus
bl4092@nittany.edu,Bernhard Lakin I
ba4903@nittany.edu,Breanne Ankunding
cw6141@nittany.edu,Clare Wilderman
cm4400@nittany.edu,Casey Mann
ck6661@nittany.edu,Caterina Keebler
co5263@nittany.edu,Cassie Ondricka
cs4243@nittany.edu,Cooper Schamberger
bc4962@nittany.edu,Bert Cole
af8503@nittany.edu,Aiden Feeney
am6323@nittany.edu,Ada Morissette
bp7877@nittany.edu,Berry Paucek V
cw7068@nittany.edu,Constantin West
bl6052@nittany.edu,Beau Langosh V
cs2006@nittany.edu,Constance Spencer
ah6141@nittany.edu,Alek Har?ann
cs3754@nittany.edu,Carmella Schmitt DDS
bk6475@nittany.edu,Bettie Keeling
ch6057@nittany.edu,Carrie Heidenreich
ar9287@nittany.edu,Alan Roob
bm6234@nittany.edu,Brent Murphy
bs1006@nittany.edu,Belle Shanahan
ca5845@nittany.edu,Clemmie Auer
cb6121@nittany.edu,Chadrick Bahringer
dh5008@nittany.edu,Danika Howe
al8943@nittany.edu,Abigayle Lind Sr.
ak5890@nittany.edu,Abigayle Kuphal II
ca1975@nittany.edu,Cleveland Altenwerth DDS
as2674@nittany.edu,Alene Strosin
ck4873@nittany.edu,Clarissa Kessler
dr8416@nittany.edu,Daniela Roberts
cs5417@nittany.edu,Carmela Schowalter
bd6345@nittany.edu,Bessie Dooley
bl3745@nittany.edu,Braden Legros
bo5114@nittany.edu,Brannon Olson
ck8437@nittany.edu,Carolina Keebler
ag5931@nittany.edu,Abbey Gulgowski
bf5148@nittany.edu,Brook Fahey
db2409@nittany.edu,D'angelo Bauch
as2481@nittany.edu,Al Schamberger
cd4187@nittany.edu,Cathryn Dach MD
aj3787@nittany.edu,Adrian Jacobson I
ae5810@nittany.edu,Albin Effertz
cc6232@nittany.edu,Candido Corwin
br8383@nittany.edu,Brooklyn Roob
dc8417@nittany.edu,Damian Cremin
ap8774@nittany.edu,Aditya Powlowski
bb4001@nittany.edu,Bryce Beahan
cp9426@nittany.edu,Carol Price
dh7522@nittany.edu,Dane Hirthe
ao3325@nittany.edu,Alexandre O'Hara
cs4540@nittany.edu,Catharine Stamm
cw3561@nittany.edu,Cecilia Wilderman
cm5322@nittany.edu,Camren Murphy
ab5104@nittany.edu,Alejandrin Brekke
cw1038@nittany.edu,Cloyd Walsh
aw8382@nittany.edu,Aisha Wolff II
cb5065@nittany.edu,Chaim Batz
bt1573@nittany.edu,Breanna Turcotte
cs3610@nittany.edu,Citlalli Strosin
db6530@nittany.edu,Danny Boyer
cs1816@nittany.edu,Colton Simonis I
eh3966@nittany.edu,Einar Homenick I
gl5131@nittany.edu,Gladyce Langworth
eu6734@nittany.edu,Eileen Ullrich
gj1336@nittany.edu,Giovanni Jerde
fe4839@nittany.edu,Ferne Emard
ew9592@nittany.edu,Elwin Waelchi
ed8801@nittany.edu,Earl Dare
gp4162@nittany.edu,Gilda Parisian
is6689@nittany.edu,Ilene Schamberger
ie2276@nittany.edu,Ila Emmerich
ek4881@nittany.edu,Ewald Koelpin
gj5319@nittany.edu,Gerard Jakubowski DDS
dg3660@nittany.edu,Domingo Gulgowski
em6584@nittany.edu,Emmie Mosciski
db1016@nittany.edu,Dr. Buster Beahan
gl1897@nittany.edu,Gilberto Legros
da1878@nittany.edu,Dr. Ashton Stehr
ed7159@nittany.edu,Elbert Davis
gr5445@nittany.edu,Gardner Rippin
fk6517@nittany.edu,Floy Koss
ea7463@nittany.edu,Elvera Auer Jr.
dl7664@nittany.edu,Dolores Ledner
dk5949@nittany.edu,Dr. Karelle Koss
do9924@nittany.edu,Derick O'Hara
ew2287@nittany.edu,Ella Waelchi
dw8054@nittany.edu,Dorothy Wunsch
fo7818@nittany.edu,Friedrich O'Kon II
do2791@nittany.edu,Dortha Ondricka
dl2872@nittany.edu,Dr. Leilani Purdy
hc9512@nittany.edu,Hayden Conn
fw9529@nittany.edu,Frank Williamson
fb6120@nittany.edu,Fausto Bernhard III
ej6416@nittany.edu,Ethan Johnston
gs5261@nittany.edu,Gretchen Spinka I
hs3812@nittany.edu,Hayden Schroeder
er9643@nittany.edu,Erin Reilly II
gb9073@nittany.edu,Garett Balistreri
eh3135@nittany.edu,Earl Harvey
ds7254@nittany.edu,Darrel Schmitt
dw8693@nittany.edu,Deshawn Williamson
eb5700@nittany.edu,Edmond Beatty
gb8971@nittany.edu,Garrison Brekke
eb9702@nittany.edu,Eddie Botsford II
fm5811@nittany.edu,Fabian Murphy
il8896@nittany.edu,Iliana Little
eb7897@nittany.edu,Elsa Bernhard
gb9628@nittany.edu,Gabrielle Bednar I
el2162@nittany.edu,Eula Lockman
dz1220@nittany.edu,Dr. Zachary Corwin
em9606@nittany.edu,Earline Mitchell
dd7048@nittany.edu,Dr. Devante Ritchie
hb4427@nittany.edu,Harvey Becker
du5385@nittany.edu,Desiree Ullrich
do7088@nittany.edu,Delilah Osinski
hh4615@nittany.edu,Hilbert Hagenes
gl1181@nittany.edu,Gerardo Lindgren
ds7549@nittany.edu,Dr. Sydnie Jacobi
ej6093@nittany.edu,Erik Jakubowski
dt1755@nittany.edu,Dr. Tomasa Kerluke
gh1031@nittany.edu,Garrison Haag
dg9379@nittany.edu,Daphnee Greenfelder
hq7130@nittany.edu,Hiram Quitzon III
dl8726@nittany.edu,Dr. Lizeth Brakus
fk3783@nittany.edu,Faye Keeling DDS
hs3254@nittany.edu,Hattie Schmeler
eg9777@nittany.edu,Esther Gaylord
eh8403@nittany.edu,Elisa Hahn
dg1041@nittany.edu,Domenic Grant
ew3399@nittany.edu,Eliezer Wilkinson
dr5383@nittany.edu,Domenica Ratke
ib8603@nittany.edu,Ilene Bashirian DVM
ef2211@nittany.edu,Estefania Feest
hs6780@nittany.edu,Hillary Satterfield
dh7046@nittany.edu,Dr. Henri Swift
gl5818@nittany.edu,Gwendolyn Luettgen
gr4392@nittany.edu,Gudrun Rowe
hm9327@nittany.edu,Harmony McLaughlin DDS
er5239@nittany.edu,Emmet Rath
ek3642@nittany.edu,Ernestine Krajcik
gr4591@nittany.edu,Geovanni Romaguera Jr.
fw2120@nittany.edu,Franco Windler
fc5125@nittany.edu,Filiberto Cole
hh1524@nittany.edu,Heaven Howell
dg7321@nittany.edu,Devan Gleichner
dp4783@nittany.edu,Deondre Prohaska
gd4593@nittany.edu,Gerson Daugherty
dg7987@nittany.edu,Darien Gu?ann
gr3326@nittany.edu,Gonzalo Rice
dk1425@nittany.edu,Dr. Kaitlin Watsica
fr1588@nittany.edu,Fredy Rutherford
hc6195@nittany.edu,Henderson Conroy
fa1972@nittany.edu,Furman Anderson
ff4897@nittany.edu,Flavio Ferry
gj7421@nittany.edu,Gage Jenkins
dk5850@nittany.edu,Dr. Keira Walter
gh2561@nittany.edu,Grayce Haag
gs2617@nittany.edu,Golden Schimmel
eb3303@nittany.edu,Elton Boyle IV
dt1653@nittany.edu,Dr. Thurman Hudson
em9510@nittany.edu,Elwin Murazik Sr.
hh1856@nittany.edu,Herbert Hansen
eh6509@nittany.edu,Enid Harris
hm8630@nittany.edu,Halle Mann
eq3640@nittany.edu,Elian Quitzon
hw8828@nittany.edu,Holden Wilderman
ew8925@nittany.edu,Ena Waelchi
ek5867@nittany.edu,Enola Kub
dm6277@nittany.edu,Dr. Molly Hoeger
er2458@nittany.edu,Ebba Runte Sr.
ew2185@nittany.edu,Elyse Wisoky
gp3361@nittany.edu,Gabriella Pfannerstill
dh7362@nittany.edu,Dexter Hirthe Jr.
eo6418@nittany.edu,Edward Orn
da3247@nittany.edu,Darrel Armstrong
gd1891@nittany.edu,Guiseppe Dooley
dm4287@nittany.edu,Dion Mosciski
dj4017@nittany.edu,Dr. Josiane Herzog
dg3528@nittany.edu,Dorcas Gorczany
iw4518@nittany.edu,Ike Weissnat
ds8193@nittany.edu,Dayton Swaniawski
ds2879@nittany.edu,Dolly Schulist
hl4356@nittany.edu,Hallie Langworth
dw5475@nittany.edu,Deshaun Weissnat
ft1093@nittany.edu,Frederique Torphy
fs3719@nittany.edu,Flossie Schoen
ds2224@nittany.edu,Dorris Schulist
es8944@nittany.edu,Edwardo Stokes
gt3176@nittany.edu,Glennie Turcotte II
dc7489@nittany.edu,Dr. Casandra Walsh
ek7386@nittany.edu,Elenora Kessler
fg4672@nittany.edu,Freda Goldner
da2022@nittany.edu,Dante Auer
fs1546@nittany.edu,Flavie Stokes
ew7279@nittany.edu,Eusebio Wuckert
hh9927@nittany.edu,Hassan Hagenes
gd6812@nittany.edu,Gerald Dibbert
gh4919@nittany.edu,Geraldine Hodkiewicz V
hb6400@nittany.edu,Horace Bernier
dl4708@nittany.edu,Dr. Luna Goldner
fw1745@nittany.edu,Furman Wilkinson
gb6345@nittany.edu,Gunnar Bogan
ed1041@nittany.edu,Ervin Davis
er8341@nittany.edu,Elmira Robel Sr.
ej3628@nittany.edu,Erica Jewess
gs3266@nittany.edu,Garett Shields Jr.
dm6239@nittany.edu,Dr. Morgan Sanford
fh7189@nittany.edu,Florida Hoeger
gr1809@nittany.edu,Gerda Ritchie
hm5525@nittany.edu,Henderson Morissette
eg7228@nittany.edu,Eleazar Greenholt
em2859@nittany.edu,Elinore Moen
eg5689@nittany.edu,Elwyn Gorczany
dc8436@nittany.edu,Donnie Conn
eo5933@nittany.edu,Eugenia Osinski
ek2555@nittany.edu,Emanuel Kris
ib9263@nittany.edu,Ida Blanda
dl7100@nittany.edu,Dr. Lloyd Barrows
gh1212@nittany.edu,Garnett Hessel
dc3082@nittany.edu,Darwin Carroll IV
em3990@nittany.edu,Eda Marks
dk9439@nittany.edu,Doris Koch
gs6695@nittany.edu,Greta Schowalter DDS
gp6880@nittany.edu,Gayle Pollich
es9891@nittany.edu,Enos Schulist
ds2211@nittany.edu,Domenica Schumm
er2244@nittany.edu,Eugenia Rath
do8320@nittany.edu,Dr. Oscar Rath
er6539@nittany.edu,Emmett Rodriguez
ds2123@nittany.edu,Dean Sporer
dg8738@nittany.edu,Dulce Gulgowski
dr9676@nittany.edu,Deondre Rutherford
er2818@nittany.edu,Ezequiel Ratke
gc5107@nittany.edu,Gaylord Collins DVM
da8807@nittany.edu,Darion Aufderhar II
gk3247@nittany.edu,Gladyce Kertzmann
hs1177@nittany.edu,Hadley Stracke
hb7496@nittany.edu,Hattie Boehm
hd3109@nittany.edu,Harold Durgan
dm9701@nittany.edu,Dr. Mariano Collier
es2273@nittany.edu,Esmeralda Smith IV
em7352@nittany.edu,Emiliano McCullough
dr6246@nittany.edu,Dr. Reagan Johnston
dw2632@nittany.edu,Dianna Wehner
dh1318@nittany.edu,Deondre Hagenes
ev8921@nittany.edu,Electa VonRueden
gw5806@nittany.edu,Gudrun Ward PhD
dr3255@nittany.edu,Dr. Reva Kuhic
dh3792@nittany.edu,Deondre Harber
dc5453@nittany.edu,Doris Cremin
fh5083@nittany.edu,Fredrick Howell
ew8429@nittany.edu,Elnora Wilderman
eb2377@nittany.edu,Else Batz
fr6216@nittany.edu,Forrest Ruecker PhD
eb9389@nittany.edu,Eva Blanda
ee6932@nittany.edu,Edmond Effertz I
er9391@nittany.edu,Etha Romaguera
da4619@nittany.edu,Dr. Anabel Stoltenberg
dr7544@nittany.edu,Dolores Runolfsdottir DDS
ej7700@nittany.edu,Eliza Jacobi II
df7770@nittany.edu,Dr. Foster Langosh
ds5937@nittany.edu,Dr. Sage Smitham
hk5972@nittany.edu,Halle Koepp
dg6925@nittany.edu,Darien Gibson
em9445@nittany.edu,Eldon Macejkovic
gk9861@nittany.edu,Gerry Kuvalis Jr.
gc5114@nittany.edu,Gregorio Cummings
dj1479@nittany.edu,Dock Johns
hr2868@nittany.edu,Hailee Runolfsson
fb4575@nittany.edu,Flossie Bednar
de5828@nittany.edu,Dr. Elton Green
fm5590@nittany.edu,Florian Mante
fr8166@nittany.edu,Frank Ryan
dl6390@nittany.edu,Dr. Lambert Jaskolski
df8189@nittany.edu,Darlene Flatley
nw51@nittany.edu,Dr Nann Wood
nh89@nittany.edu,Dr Norton Hughes
rr82@nittany.edu,Dr Russell Richardson
hl43@nittany.edu,Dr Halsey Lopez
ds51@nittany.edu,Dr Dikembe Sanchez
fr23@nittany.edu,Dr Freowine Rogers
dc80@nittany.edu,Dr Deshawn Cox
gb44@nittany.edu,Dr Gil Bell
sc45@nittany.edu,Dr Sheldon Cook
wc77@nittany.edu,Dr Walker Campbell
lt47@nittany.edu,Dr Luca Torres
re79@nittany.edu,Dr Royce Edwards
bb77@nittany.edu,Dr Blas Butler
jm33@nittany.edu,Dr Jerred Martinez
wp45@nittany.edu,Dr Wincent Peterson
km14@nittany.edu,Dr Kofi Myers
dw78@nittany.edu,Dr Derwent White
bm79@nittany.edu,Dr Beauregard Moore
hp75@nittany.edu,Dr Halliwell Phillips
rc19@nittany.edu,Dr Rich Collins
fp60@nittany.edu,Dr Ford Price
mh50@nittany.edu,Dr Merle Hill
tj11@nittany.edu,Dr Thatcher Jenkins
aa18@nittany.edu,Dr Arlie Adams
ab29@nittany.edu,Dr Aspen Brown
rp45@nittany.edu,Dr Raimy Perez
cg89@nittany.edu,Dr Cassidy Gomez
br31@nittany.edu,Dr Baldwin Roberts
sw32@nittany.edu,Dr Searles Williams
kh18@nittany.edu,Dr Karol Hodgson
jc66@nittany.edu,Dr Jackie Carpenter
cy98@nittany.edu,Dr Casimiro Young
vh43@nittany.edu,Dr Virginia Hines
bh63@nittany.edu,Dr Bethel Hawkins
ar69@nittany.edu,Dr Addai Reyes
em34@nittany.edu,Dr Erasmo Martin
mp11@nittany.edu,Dr Mikelle Parry
bs39@nittany.edu,Dr Buddy Sutherland
as52@nittany.edu,Dr Adan Senior
cj88@nittany.edu,Dr Cavan Jacobs
cp54@nittany.edu,Dr Carlyle Peters
rf73@nittany.edu,Dr Roy Fuller
lg14@nittany.edu,Dr Lexis Gardner
wm35@nittany.edu,Dr Welborn Mitchell
kb76@nittany.edu,Dr Kourtney Booth
ff47@nittany.edu,Dr Finch Foster
rp85@nittany.edu,Dr Royal Parsons
kn67@nittany.edu,Dr Konnor Nicholson
rs84@nittany.edu,Dr Rudd Sullivan
rs62@nittany.edu,Dr Radcliff Silva
mh33@nittany.edu,Dr Mina Harding
jw68@nittany.edu,Dr Jair Woods
rr63@nittany.edu,Dr Ralf Reed
ma43@nittany.edu,Dr Marni Amor
